invoiceID,customerID,itemID,itemName,itemDesc,itemPrice,itemQTY,totalCost,dateInvoiced
145,2379,111203, Dog Travel Bowl, Collapsible bowl for providing water and food to dogs during travel.,$6.99,1,$6.99, 17/05/2024
145,2379,111206, Dog Clicker Training Kit, Training kit for teaching dogs through clicker-based positive reinforcement.,$18.99,1,$18.99, 17/05/2024
145,2379,111227, Dog Poop Bags, Biodegradable bags for cleaning up dog waste.,$6.99,1,$6.99, 17/05/2024
145,2379,111233, Fish Tank Algae Scrubber, Scrubber for removing algae from aquarium glass.,$12.99,1,$12.99, 17/05/2024
146,2380,111216, Rabbit Litter, Absorbent litter for rabbit litter boxes.,$14.99,2,$29.98, 18/05/2024
146,2380,111233, Fish Tank Algae Scrubber, Scrubber for removing algae from aquarium glass.,$12.99,1,$12.99, 18/05/2024
146,2380,111239, Hamster Ladder Bridge, Bridge-like structure for hamsters to climb and explore.,$11.99,2,$23.98, 18/05/2024
147,2381,111222, Rabbit Hay Feeder, Feeder for providing hay to rabbits.,$9.99,2,$19.98, 19/05/2024
147,2381,111210, Rabbit Hay Rack, Rack for holding hay for rabbits' consumption.,$9.99,2,$19.98, 19/05/2024
147,2381,111216, Rabbit Litter, Absorbent litter for rabbit litter boxes.,$14.99,2,$29.98, 19/05/2024
147,2381,111257, Rabbit Tunnel System, System of interconnected tunnels for rabbits to explore.,$29.99,1,$29.99, 19/05/2024
148,2382,111233, Fish Tank Algae Scrubber, Scrubber for removing algae from aquarium glass.,$12.99,1,$12.99, 20/05/2024
148,2382,111236, Bird Waterer, Water dispenser for birds' hydration needs.,$10.99,1,$10.99, 20/05/2024
148,2382,111220, Fish Tank Background, Background image for enhancing aquarium visual appeal.,$16.99,1,$16.99, 20/05/2024
149,2383,111236, Bird Waterer, Water dispenser for birds' hydration needs.,$10.99,1,$10.99, 21/05/2024
149,2383,111228, Rabbit Litter Box, Litter box designed specifically for rabbits.,$18.99,2,$37.98, 21/05/2024
149,2383,111245, Dog Training Clicker, Clicker for training dogs with positive reinforcement.,$3.99,1,$3.99, 21/05/2024
150,2384,111224, Dog Training Treats, Treats for rewarding dogs during training sessions.,$10.99,1,$10.99, 22/05/2024
150,2384,111213, Hamster Platform, Platform for hamsters to climb and explore their habitat.,$11.99,2,$23.98, 22/05/2024
150,2384,111268, Rabbit Grooming Glove, Glove for grooming rabbits' fur.,$11.99,2,$23.98, 22/05/2024
157,2391,111257, Rabbit Tunnel System, System of interconnected tunnels for rabbits to explore.,$29.99,1,$29.99, 29/05/2024
157,2391,111131, Fish Tank Filter, Filter for maintaining clean water in aquariums.,$19.99,1,$19.99, 29/05/2024
157,2391,111130, Fish Tank(L), Large-sized fish tank. Ideal for multiple fish.,$79.99,1,$79.99, 29/05/2024
157,2391,111120, Hamster Wheel(L), Large-sized wheel for hamsters. Provides exercise.,$8.99,2,$17.98, 29/05/2024
157,2391,111115, Dog Ball Launcher, Launcher for throwing balls for dogs to fetch.,$19.99,1,$19.99, 29/05/2024
158,2392,111218, Dog Leash(M), Medium-sized dog leash. Durable and comfortable.,$12.99,2,$25.98, 30/05/2024
158,2392,111233, Fish Tank Algae Scrubber, Scrubber for removing algae from aquarium glass.,$12.99,1,$12.99, 30/05/2024
158,2392,111126, Rabbit Chew Toys, Toys for rabbits to chew on. Promotes dental health.,$7.99,3,$23.97, 30/05/2024
158,2392,111204, Rabbit Chewing Sticks, Chewable sticks for rabbits' dental health and entertainment.,$8.99,2,$17.98, 30/05/2024
159,2393,111231, Dog Poop Bags, Biodegradable bags for cleaning up dog waste.,$6.99,1,$6.99, 31/05/2024
159,2393,111250, Rabbit Water Bottle, Drip-resistant water bottle for rabbits' hydration.,$8.99,2,$17.98, 31/05/2024
159,2393,111215, Dog Training Clicker, Clicker for training dogs with positive reinforcement.,$3.99,1,$3.99, 31/05/2024
159,2393,111248, Cat Scratching Pad, Pad for cats to scratch and maintain healthy claws.,$10.99,3,$32.97, 31/05/2024
159,2393,111210, Rabbit Hay Rack, Rack for holding hay for rabbits' consumption.,$9.99,2,$19.98, 31/05/2024
160,2394,111215, Dog Training Clicker, Clicker for training dogs with positive reinforcement.,$3.99,1,$3.99, 01/06/2024
160,2394,111209, Dog Training Treat Bag, Bag for holding treats during dog training sessions.,$12.99,1,$12.99, 01/06/2024
160,2394,111279, Bird Climbing Net, Net for birds to climb and exercise on.,$8.99,2,$17.98, 01/06/2024
160,2394,111214, Fish Tank Test Kit, Kit for testing water parameters in aquariums.,$24.99,1,$24.99, 01/06/2024
161,2395,111113, Dog Collar(L), Large-sized dog collar. Adjustable and secure.,$14.99,1,$14.99, 02/06/2024
161,2395,111134, Fish Tank Decoration Kit, Kit for decorating aquariums. Enhances aesthetics.,$29.99,1,$29.99, 02/06/2024
161,2395,111269, Bird Mirror Toy, Mirror toy to stimulate birds' social behavior.,$7.99,1,$7.99, 02/06/2024
161,2395,111222, Rabbit Hay Feeder, Feeder for providing hay to rabbits.,$9.99,2,$19.98, 02/06/2024
161,2395,111125, Rabbit Food Pellets, Pellets for feeding rabbits. Balanced nutrition.,$12.99,1,$12.99, 02/06/2024
162,2396,111260, Dog Tennis Ball, Durable ball for playing fetch with dogs.,$5.99,1,$5.99, 03/06/2024
163,2397,111279, Bird Climbing Net, Net for birds to climb and exercise on.,$8.99,2,$17.98, 04/06/2024
163,2397,111228, Rabbit Litter Box, Litter box designed specifically for rabbits.,$18.99,2,$37.98, 04/06/2024
163,2397,111114, Dog Chew Toy, Chew toy for dogs. Helps with dental health.,$9.99,2,$19.98, 04/06/2024
163,2397,111257, Rabbit Tunnel System, System of interconnected tunnels for rabbits to explore.,$29.99,1,$29.99, 04/06/2024
163,2397,111118, Cat Toy Variety Pack, Pack of assorted toys for cats. Keeps them entertained.,$16.99,3,$50.97, 04/06/2024
164,2398,111120, Hamster Wheel(L), Large-sized wheel for hamsters. Provides exercise.,$8.99,2,$17.98, 05/06/2024
164,2398,111215, Dog Training Clicker, Clicker for training dogs with positive reinforcement.,$3.99,1,$3.99, 05/06/2024
164,2398,111234, Dog Muzzle, Muzzle for preventing dogs from biting.,$13.99,1,$13.99, 05/06/2024
164,2398,111122, Hamster Bedding, Soft bedding material for hamsters' comfort.,$6.99,1,$6.99, 05/06/2024
165,2399,111131, Fish Tank Filter, Filter for maintaining clean water in aquariums.,$19.99,1,$19.99, 06/06/2024
165,2399,111241, Cat Window Perch, Perch for cats to observe the outside world from windows.,$22.99,3,$68.97, 06/06/2024
165,2399,111207, Hamster Chew Toy, Toy for hamsters to gnaw on for dental health.,$5.99,2,$11.98, 06/06/2024
166,2400,111250, Rabbit Water Bottle, Drip-resistant water bottle for rabbits' hydration.,$8.99,2,$17.98, 07/06/2024
166,2400,111122, Hamster Bedding, Soft bedding material for hamsters' comfort.,$6.99,1,$6.99, 07/06/2024
166,2400,111128, Bird Perch(M), Medium-sized perch for birds. Provides resting spot.,$11.99,2,$23.98, 07/06/2024
166,2400,111129, Bird Swing, Swing for birds to perch and swing on.,$14.99,1,$14.99, 07/06/2024
166,2400,111116, Cat Scratching Post(S), Small-sized scratching post for cats. Protects furniture.,$10.99,1,$10.99, 07/06/2024
167,2401,111259, Cat Interactive Toy, Toy with moving parts to stimulate cats' hunting instincts.,$12.99,3,$38.97, 08/06/2024
167,2401,111215, Dog Training Clicker, Clicker for training dogs with positive reinforcement.,$3.99,1,$3.99, 08/06/2024
167,2401,111248, Cat Scratching Pad, Pad for cats to scratch and maintain healthy claws.,$10.99,3,$32.97, 08/06/2024
167,2401,111250, Rabbit Water Bottle, Drip-resistant water bottle for rabbits' hydration.,$8.99,2,$17.98, 08/06/2024
167,2401,111250, Rabbit Water Bottle, Drip-resistant water bottle for rabbits' hydration.,$8.99,2,$17.98, 08/06/2024
168,2402,111207, Hamster Chew Toy, Toy for hamsters to gnaw on for dental health.,$5.99,2,$11.98, 09/06/2024
168,2402,111218, Dog Leash(M), Medium-sized dog leash. Durable and comfortable.,$12.99,2,$25.98, 09/06/2024
169,2403,111279, Bird Climbing Net, Net for birds to climb and exercise on.,$8.99,2,$17.98, 10/06/2024
169,2403,111239, Hamster Ladder Bridge, Bridge-like structure for hamsters to climb and explore.,$11.99,2,$23.98, 10/06/2024
169,2403,111207, Hamster Chew Toy, Toy for hamsters to gnaw on for dental health.,$5.99,2,$11.98, 10/06/2024
169,2403,111125, Rabbit Food Pellets, Pellets for feeding rabbits. Balanced nutrition.,$12.99,1,$12.99, 10/06/2024
170,2404,111220, Fish Tank Background, Background image for enhancing aquarium visual appeal.,$16.99,1,$16.99, 11/06/2024
170,2404,111233, Fish Tank Algae Scrubber, Scrubber for removing algae from aquarium glass.,$12.99,1,$12.99, 11/06/2024
170,2404,111131, Fish Tank Filter, Filter for maintaining clean water in aquariums.,$19.99,1,$19.99, 11/06/2024
170,2404,111130, Fish Tank(L), Large-sized fish tank. Ideal for multiple fish.,$79.99,1,$79.99, 11/06/2024
171,2405,111116, Cat Scratching Post(S), Small-sized scratching post for cats. Protects furniture.,$10.99,1,$10.99, 12/06/2024
171,2405,111118, Cat Toy Variety Pack, Pack of assorted toys for cats. Keeps them entertained.,$16.99,3,$50.97, 12/06/2024
171,2405,111259, Cat Interactive Toy, Toy with moving parts to stimulate cats' hunting instincts.,$12.99,3,$38.97, 12/06/2024
171,2405,111248, Cat Scratching Pad, Pad for cats to scratch and maintain healthy claws.,$10.99,3,$32.97, 12/06/2024
172,2406,111122, Hamster Bedding, Soft bedding material for hamsters' comfort.,$6.99,1,$6.99, 13/06/2024
172,2406,111123, Rabbit Hutch, Hutch for rabbits. Provides shelter and space.,$49.99,1,$49.99, 13/06/2024
172,2406,111239, Hamster Ladder Bridge, Bridge-like structure for hamsters to climb and explore.,$11.99,2,$23.98, 13/06/2024
172,2406,111120, Hamster Wheel(L), Large-sized wheel for hamsters. Provides exercise.,$8.99,2,$17.98, 13/06/2024
173,2407,111125, Rabbit Food Pellets, Pellets for feeding rabbits. Balanced nutrition.,$12.99,1,$12.99, 14/06/2024
173,2407,111126, Rabbit Chew Toys, Toys for rabbits to chew on. Promotes dental health.,$7.99,3,$23.97, 14/06/2024
173,2407,111127, Bird Cage(L), Large-sized cage for birds. Spacious and secure.,$39.99,1,$39.99, 14/06/2024
173,2407,111128, Bird Perch(M), Medium-sized perch for birds. Provides resting spot.,$11.99,2,$23.98, 14/06/2024
174,2408,111131, Fish Tank Filter, Filter for maintaining clean water in aquariums.,$19.99,1,$19.99, 15/06/2024
174,2408,111132, Fish Tank Heater, Heater for maintaining optimal water temperature.,$22.99,1,$22.99, 15/06/2024
174,2408,111133, Fish Tank Decoration Kit, Kit for decorating aquariums. Enhances aesthetics.,$29.99,1,$29.99, 15/06/2024
174,2408,111134, Fish Tank Air Pump, Pump for increasing oxygen levels in aquarium water.,$14.99,1,$14.99, 15/06/2024
175,2409,111116, Cat Scratching Post(S), Small-sized scratching post for cats. Protects furniture.,$10.99,1,$10.99, 16/06/2024
175,2409,111118, Cat Toy Variety Pack, Pack of assorted toys for cats. Keeps them entertained.,$16.99,3,$50.97, 16/06/2024
175,2409,111259, Cat Interactive Toy, Toy with moving parts to stimulate cats' hunting instincts.,$12.99,3,$38.97, 16/06/2024
175,2409,111248, Cat Scratching Pad, Pad for cats to scratch and maintain healthy claws.,$10.99,3,$32.97, 16/06/2024
176,2410,111259, Cat Interactive Toy, Toy with moving parts to stimulate cats' hunting instincts.,$12.99,3,$38.97, 17/06/2024
176,2410,111125, Rabbit Food Pellets, Pellets for feeding rabbits. Balanced nutrition.,$12.99,1,$12.99, 17/06/2024
176,2410,111114, Dog Chew Toy, Chew toy for dogs. Helps with dental health.,$9.99,2,$19.98, 17/06/2024
176,2410,111134, Fish Tank Air Pump, Pump for increasing oxygen levels in aquarium water.,$14.99,1,$14.99, 17/06/2024
177,2411,111259, Cat Interactive Toy, Toy with moving parts to stimulate cats' hunting instincts.,$12.99,3,$38.97, 18/06/2024
177,2411,111220, Fish Tank Background, Background image for enhancing aquarium visual appeal.,$16.99,1,$16.99, 18/06/2024
177,2411,111123, Rabbit Hutch, Hutch for rabbits. Provides shelter and space.,$49.99,1,$49.99, 18/06/2024
177,2411,111126, Rabbit Chew Toys, Toys for rabbits to chew on. Promotes dental health.,$7.99,3,$23.97, 18/06/2024
178,2412,111259, Cat Interactive Toy, Toy with moving parts to stimulate cats' hunting instincts.,$12.99,3,$38.97, 19/06/2024
178,2412,111207, Hamster Chew Toy, Toy for hamsters to gnaw on for dental health.,$5.99,2,$11.98, 19/06/2024
178,2412,111118, Cat Toy Variety Pack, Pack of assorted toys for cats. Keeps them entertained.,$16.99,3,$50.97, 19/06/2024
178,2412,111134, Fish Tank Air Pump, Pump for increasing oxygen levels in aquarium water.,$14.99,1,$14.99, 19/06/2024
179,2413,111259, Cat Interactive Toy, Toy with moving parts to stimulate cats' hunting instincts.,$12.99,3,$38.97, 20/06/2024
179,2413,111122, Hamster Bedding, Soft bedding material for hamsters' comfort.,$6.99,1,$6.99, 20/06/2024
179,2413,111128, Bird Perch(M), Medium-sized perch for birds. Provides resting spot.,$11.99,2,$23.98, 20/06/2024
179,2413,111116, Cat Scratching Post(S), Small-sized scratching post for cats. Protects furniture.,$10.99,1,$10.99, 20/06/2024
180,2414,111259, Cat Interactive Toy, Toy with moving parts to stimulate cats' hunting instincts.,$12.99,3,$38.97, 21/06/2024
180,2414,111239, Hamster Ladder Bridge, Bridge-like structure for hamsters to climb and explore.,$11.99,2,$23.98, 21/06/2024
180,2414,111134, Fish Tank Air Pump, Pump for increasing oxygen levels in aquarium water.,$14.99,1,$14.99, 21/06/2024
180,2414,111127, Bird Cage(L), Large-sized cage for birds. Spacious and secure.,$39.99,1,$39.99, 21/06/2024
181,2415,111207, Hamster Chew Toy, Toy for hamsters to gnaw on for dental health.,$5.99,2,$11.98, 22/06/2024
181,2415,111215, Dog Training Clicker, Clicker for training dogs with positive reinforcement.,$3.99,1,$3.99, 22/06/2024
181,2415,111239, Hamster Ladder Bridge, Bridge-like structure for hamsters to climb and explore.,$11.99,2,$23.98, 22/06/2024
181,2415,111125, Rabbit Food Pellets, Pellets for feeding rabbits. Balanced nutrition.,$12.99,1,$12.99, 22/06/2024
182,2416,111207, Hamster Chew Toy, Toy for hamsters to gnaw on for dental health.,$5.99,2,$11.98, 23/06/2024
182,2416,111215, Dog Training Clicker, Clicker for training dogs with positive reinforcement.,$3.99,1,$3.99, 23/06/2024
182,2416,111231, Dog Poop Bags, Biodegradable bags for cleaning up dog waste.,$6.99,1,$6.99, 23/06/2024
182,2416,111248, Cat Scratching Pad, Pad for cats to scratch and maintain healthy claws.,$10.99,3,$32.97, 23/06/2024
183,2417,111131, Fish Tank Filter, Filter for maintaining clean water in aquariums.,$19.99,1,$19.99, 24/06/2024
183,2417,111241, Cat Window Perch, Perch for cats to observe the outside world from windows.,$22.99,3,$68.97, 24/06/2024
183,2417,111207, Hamster Chew Toy, Toy for hamsters to gnaw on for dental health.,$5.99,2,$11.98, 24/06/2024
184,2418,111125, Rabbit Food Pellets, Pellets for feeding rabbits. Balanced nutrition.,$12.99,1,$12.99, 25/06/2024
184,2418,111126, Rabbit Chew Toys, Toys for rabbits to chew on. Promotes dental health.,$7.99,3,$23.97, 25/06/2024
184,2418,111127, Bird Cage(L), Large-sized cage for birds. Spacious and secure.,$39.99,1,$39.99, 25/06/2024
184,2418,111128, Bird Perch(M), Medium-sized perch for birds. Provides resting spot.,$11.99,2,$23.98, 25/06/2024
185,2419,111131, Fish Tank Filter, Filter for maintaining clean water in aquariums.,$19.99,1,$19.99, 26/06/2024
185,2419,111242, Dog Frisbee, Frisbee toy for dogs. Durable and floatable.,$9.99,2,$19.98, 26/06/2024
185,2419,111207, Hamster Chew Toy, Toy for hamsters to gnaw on for dental health.,$5.99,2,$11.98, 26/06/2024
185,2419,111228, Rabbit Litter Box, Litter box designed specifically for rabbits.,$18.99,2,$37.98, 26/06/2024
185,2419,111120, Hamster Wheel(L), Large-sized wheel for hamsters. Provides exercise.,$8.99,2,$17.98, 26/06/2024
186,2420,111207, Hamster Chew Toy, Toy for hamsters to gnaw on for dental health.,$5.99,2,$11.98, 27/06/2024
186,2420,111215, Dog Training Clicker, Clicker for training dogs with positive reinforcement.,$3.99,1,$3.99, 27/06/2024
186,2420,111239, Hamster Ladder Bridge, Bridge-like structure for hamsters to climb and explore.,$11.99,2,$23.98, 27/06/2024
186,2420,111125, Rabbit Food Pellets, Pellets for feeding rabbits. Balanced nutrition.,$12.99,1,$12.99, 27/06/2024
187,2421,111207, Hamster Chew Toy, Toy for hamsters to gnaw on for dental health.,$5.99,2,$11.98, 28/06/2024
187,2421,111215, Dog Training Clicker, Clicker for training dogs with positive reinforcement.,$3.99,1,$3.99, 28/06/2024
187,2421,111231, Dog Poop Bags, Biodegradable bags for cleaning up dog waste.,$6.99,1,$6.99, 28/06/2024
187,2421,111248, Cat Scratching Pad, Pad for cats to scratch and maintain healthy claws.,$10.99,3,$32.97, 28/06/2024
188,2422,111131, Fish Tank Filter, Filter for maintaining clean water in aquariums.,$19.99,1,$19.99, 29/06/2024
188,2422,111241, Cat Window Perch, Perch for cats to observe the outside world from windows.,$22.99,3,$68.97, 29/06/2024
188,2422,111207, Hamster Chew Toy, Toy for hamsters to gnaw on for dental health.,$5.99,2,$11.98, 29/06/2024
189,2423,111125, Rabbit Food Pellets, Pellets for feeding rabbits. Balanced nutrition.,$12.99,1,$12.99, 30/06/2024
189,2423,111126, Rabbit Chew Toys, Toys for rabbits to chew on. Promotes dental health.,$7.99,3,$23.97, 30/06/2024
189,2423,111127, Bird Cage(L), Large-sized cage for birds. Spacious and secure.,$39.99,1,$39.99, 30/06/2024
189,2423,111128, Bird Perch(M), Medium-sized perch for birds. Provides resting spot.,$11.99,2,$23.98, 30/06/2024
190,2424,111131, Fish Tank Filter, Filter for maintaining clean water in aquariums.,$19.99,1,$19.99, 01/07/2024
190,2424,111242, Dog Frisbee, Frisbee toy for dogs. Durable and floatable.,$9.99,2,$19.98, 01/07/2024
190,2424,111207, Hamster Chew Toy, Toy for hamsters to gnaw on for dental health.,$5.99,2,$11.98, 01/07/2024
190,2424,111228, Rabbit Litter Box, Litter box designed specifically for rabbits.,$18.99,2,$37.98, 01/07/2024
190,2424,111120, Hamster Wheel(L), Large-sized wheel for hamsters. Provides exercise.,$8.99,2,$17.98, 01/07/2024
191,2401,111239, Hamster Ladder Bridge, Bridge-like structure for hamsters to climb and explore.,$11.99,2,$23.98, 02/07/2024
191,2401,111233, Fish Tank Algae Scrubber, Scrubber for removing algae from aquarium glass.,$12.99,1,$12.99, 02/07/2024
191,2401,111248, Cat Scratching Pad, Pad for cats to scratch and maintain healthy claws.,$10.99,3,$32.97, 02/07/2024
191,2401,111129, Bird Swing, Swing for birds to perch and swing on.,$14.99,1,$14.99, 02/07/2024
191,2401,111120, Hamster Wheel(L), Large-sized wheel for hamsters. Provides exercise.,$8.99,2,$17.98, 02/07/2024
192,2402,111207, Hamster Chew Toy, Toy for hamsters to gnaw on for dental health.,$5.99,2,$11.98, 03/07/2024
192,2402,111215, Dog Training Clicker, Clicker for training dogs with positive reinforcement.,$3.99,1,$3.99, 03/07/2024
192,2402,111239, Hamster Ladder Bridge, Bridge-like structure for hamsters to climb and explore.,$11.99,2,$23.98, 03/07/2024
192,2402,111125, Rabbit Food Pellets, Pellets for feeding rabbits. Balanced nutrition.,$12.99,1,$12.99, 03/07/2024
193,2403,111207, Hamster Chew Toy, Toy for hamsters to gnaw on for dental health.,$5.99,2,$11.98, 04/07/2024
193,2403,111215, Dog Training Clicker, Clicker for training dogs with positive reinforcement.,$3.99,1,$3.99, 04/07/2024
193,2403,111231, Dog Poop Bags, Biodegradable bags for cleaning up dog waste.,$6.99,1,$6.99, 04/07/2024
193,2403,111248, Cat Scratching Pad, Pad for cats to scratch and maintain healthy claws.,$10.99,3,$32.97, 04/07/2024
194,2404,111131, Fish Tank Filter, Filter for maintaining clean water in aquariums.,$19.99,1,$19.99, 05/07/2024
194,2404,111241, Cat Window Perch, Perch for cats to observe the outside world from windows.,$22.99,3,$68.97, 05/07/2024
194,2404,111207, Hamster Chew Toy, Toy for hamsters to gnaw on for dental health.,$5.99,2,$11.98, 05/07/2024
194,2404,111228, Rabbit Litter Box, Litter box designed specifically for rabbits.,$18.99,2,$37.98, 05/07/2024
194,2404,111120, Hamster Wheel(L), Large-sized wheel for hamsters. Provides exercise.,$8.99,2,$17.98, 05/07/2024
195,2401,111207, Hamster Chew Toy, Toy for hamsters to gnaw on for dental health.,$5.99,2,$11.98, 06/07/2024
195,2401,111215, Dog Training Clicker, Clicker for training dogs with positive reinforcement.,$3.99,1,$3.99, 06/07/2024
195,2401,111239, Hamster Ladder Bridge, Bridge-like structure for hamsters to climb and explore.,$11.99,2,$23.98, 06/07/2024
195,2401,111125, Rabbit Food Pellets, Pellets for feeding rabbits. Balanced nutrition.,$12.99,1,$12.99, 06/07/2024
196,2402,111207, Hamster Chew Toy, Toy for hamsters to gnaw on for dental health.,$5.99,2,$11.98, 07/07/2024
196,2402,111215, Dog Training Clicker, Clicker for training dogs with positive reinforcement.,$3.99,1,$3.99, 07/07/2024
196,2402,111231, Dog Poop Bags, Biodegradable bags for cleaning up dog waste.,$6.99,1,$6.99, 07/07/2024
196,2402,111248, Cat Scratching Pad, Pad for cats to scratch and maintain healthy claws.,$10.99,3,$32.97, 07/07/2024
197,2403,111131, Fish Tank Filter, Filter for maintaining clean water in aquariums.,$19.99,1,$19.99, 08/07/2024
197,2403,111241, Cat Window Perch, Perch for cats to observe the outside world from windows.,$22.99,3,$68.97, 08/07/2024
197,2403,111207, Hamster Chew Toy, Toy for hamsters to gnaw on for dental health.,$5.99,2,$11.98, 08/07/2024
197,2403,111228, Rabbit Litter Box, Litter box designed specifically for rabbits.,$18.99,2,$37.98, 08/07/2024
197,2403,111120, Hamster Wheel(L), Large-sized wheel for hamsters. Provides exercise.,$8.99,2,$17.98, 08/07/2024
198,2401,111131, Fish Tank Filter, Filter for maintaining clean water in aquariums.,$19.99,1,$19.99, 09/07/2024
198,2401,111241, Cat Window Perch, Perch for cats to observe the outside world from windows.,$22.99,3,$68.97, 09/07/2024
198,2401,111207, Hamster Chew Toy, Toy for hamsters to gnaw on for dental health.,$5.99,2,$11.98, 09/07/2024
198,2401,111228, Rabbit Litter Box, Litter box designed specifically for rabbits.,$18.99,2,$37.98, 09/07/2024
198,2401,111120, Hamster Wheel(L), Large-sized wheel for hamsters. Provides exercise.,$8.99,2,$17.98, 09/07/2024
199,2402,111207, Hamster Chew Toy, Toy for hamsters to gnaw on for dental health.,$5.99,2,$11.98, 10/07/2024
199,2402,111215, Dog Training Clicker, Clicker for training dogs with positive reinforcement.,$3.99,1,$3.99, 10/07/2024
199,2402,111239, Hamster Ladder Bridge, Bridge-like structure for hamsters to climb and explore.,$11.99,2,$23.98, 10/07/2024
199,2402,111125, Rabbit Food Pellets, Pellets for feeding rabbits. Balanced nutrition.,$12.99,1,$12.99, 10/07/2024
200,2403,111207, Hamster Chew Toy, Toy for hamsters to gnaw on for dental health.,$5.99,2,$11.98, 11/07/2024
200,2403,111215, Dog Training Clicker, Clicker for training dogs with positive reinforcement.,$3.99,1,$3.99, 11/07/2024
200,2403,111231, Dog Poop Bags, Biodegradable bags for cleaning up dog waste.,$6.99,1,$6.99, 11/07/2024
200,2403,111248, Cat Scratching Pad, Pad for cats to scratch and maintain healthy claws.,$10.99,3,$32.97, 11/07/2024
201,2401,111131, Fish Tank Filter, Filter for maintaining clean water in aquariums.,$19.99,1,$19.99, 12/07/2024
201,2401,111241, Cat Window Perch, Perch for cats to observe the outside world from windows.,$22.99,3,$68.97, 12/07/2024
201,2401,111207, Hamster Chew Toy, Toy for hamsters to gnaw on for dental health.,$5.99,2,$11.98, 12/07/2024
201,2401,111228, Rabbit Litter Box, Litter box designed specifically for rabbits.,$18.99,2,$37.98, 12/07/2024
201,2401,111120, Hamster Wheel(L), Large-sized wheel for hamsters. Provides exercise.,$8.99,2,$17.98, 12/07/2024
202,2402,111207, Hamster Chew Toy, Toy for hamsters to gnaw on for dental health.,$5.99,2,$11.98, 13/07/2024
202,2402,111215, Dog Training Clicker, Clicker for training dogs with positive reinforcement.,$3.99,1,$3.99, 13/07/2024
202,2402,111239, Hamster Ladder Bridge, Bridge-like structure for hamsters to climb and explore.,$11.99,2,$23.98, 13/07/2024
202,2402,111125, Rabbit Food Pellets, Pellets for feeding rabbits. Balanced nutrition.,$12.99,1,$12.99, 13/07/2024
203,2403,111207, Hamster Chew Toy, Toy for hamsters to gnaw on for dental health.,$5.99,2,$11.98, 14/07/2024
203,2403,111215, Dog Training Clicker, Clicker for training dogs with positive reinforcement.,$3.99,1,$3.99, 14/07/2024
203,2403,111231, Dog Poop Bags, Biodegradable bags for cleaning up dog waste.,$6.99,1,$6.99, 14/07/2024
203,2403,111248, Cat Scratching Pad, Pad for cats to scratch and maintain healthy claws.,$10.99,3,$32.97, 14/07/2024
